frame_number,timestamp,track_id,class_name,confidence,x1,y1,x2,y2,center_x,center_y,width,height,area,severity,zone
95,3.8,-1,marine_debris,0.152,750.03,267.19,809.44,390.21,779.74,328.7,59.41,123.02,7308.73,LOW,Zone_B
96,3.84,-1,marine_debris,0.199,754.47,301.53,816.12,386.38,785.29,343.95,61.65,84.86,5230.97,LOW,Zone_B
97,3.88,-1,marine_debris,0.325,760.22,301.0,822.6,379.42,791.41,340.21,62.38,78.42,4891.58,LOW,Zone_B
98,3.92,-1,marine_debris,0.358,769.79,299.56,827.43,379.47,798.61,339.51,57.63,79.9,4605.26,LOW,Zone_B
135,5.4,-1,marine_debris,0.393,535.9,197.82,1010.31,720.0,773.1,458.91,474.41,522.18,247728.48,LOW,Zone_B
136,5.44,-1,marine_debris,0.128,536.57,199.98,1005.39,720.0,770.98,459.99,468.81,520.02,243795.07,LOW,Zone_B
186,7.44,-1,marine_debris,0.1,1199.69,24.03,1253.67,79.61,1226.68,51.82,53.97,55.57,2999.59,LOW,Zone_C
188,7.52,-1,marine_debris,0.241,1170.97,418.56,1280.0,561.93,1225.49,490.25,109.03,143.37,15631.45,LOW,Zone_C
188,7.52,-1,marine_debris,0.151,1199.89,24.98,1254.28,80.89,1227.08,52.94,54.39,55.91,3041.09,LOW,Zone_C
212,8.48,-1,marine_debris,0.148,1199.73,25.3,1253.39,80.86,1226.56,53.08,53.66,55.56,2981.59,LOW,Zone_C
213,8.52,-1,marine_debris,0.207,1199.73,25.52,1253.48,81.11,1226.61,53.31,53.75,55.59,2987.68,LOW,Zone_C
214,8.56,-1,marine_debris,0.185,1199.56,25.67,1253.63,81.05,1226.59,53.36,54.07,55.39,2994.76,LOW,Zone_C
215,8.6,-1,marine_debris,0.147,1199.42,25.57,1253.41,80.98,1226.42,53.28,53.99,55.41,2991.45,LOW,Zone_C
219,8.76,-1,marine_debris,0.166,0.0,401.65,19.45,472.95,9.72,437.3,19.45,71.3,1386.76,LOW,Zone_A
220,8.8,-1,marine_debris,0.267,0.0,406.55,21.37,455.84,10.68,431.2,21.37,49.29,1053.35,LOW,Zone_A
220,8.8,-1,marine_debris,0.119,1199.6,24.16,1253.59,79.77,1226.6,51.96,54.0,55.62,3002.96,LOW,Zone_C
221,8.84,-1,marine_debris,0.253,0.0,398.67,32.21,456.86,16.1,427.76,32.21,58.18,1874.01,LOW,Zone_A
222,8.88,-1,marine_debris,0.169,0.0,401.25,33.98,456.94,16.99,429.09,33.98,55.69,1892.07,LOW,Zone_A
223,8.92,-1,marine_debris,0.167,0.0,401.94,39.85,454.22,19.92,428.08,39.85,52.27,2083.14,LOW,Zone_A
224,8.96,-1,marine_debris,0.161,0.0,405.73,43.29,454.3,21.64,430.01,43.29,48.57,2102.33,LOW,Zone_A
225,9.0,-1,marine_debris,0.101,1200.26,24.72,1253.49,80.53,1226.87,52.62,53.23,55.81,2971.02,LOW,Zone_C
228,9.12,-1,marine_debris,0.24,7.07,402.13,61.81,445.73,34.44,423.93,54.74,43.6,2386.75,LOW,Zone_A
229,9.16,-1,marine_debris,0.134,11.71,402.7,64.21,444.45,37.96,423.57,52.5,41.76,2192.02,LOW,Zone_A
230,9.2,-1,marine_debris,0.157,15.02,402.1,66.08,441.84,40.55,421.97,51.07,39.74,2029.61,LOW,Zone_A
230,9.2,-1,marine_debris,0.149,1229.1,389.41,1279.88,428.91,1254.49,409.16,50.78,39.5,2005.89,LOW,Zone_C
231,9.24,-1,marine_debris,0.45,18.24,401.66,72.54,444.08,45.39,422.87,54.3,42.42,2303.28,LOW,Zone_A
231,9.24,-1,marine_debris,0.226,18.01,400.79,72.98,464.63,45.5,432.71,54.98,63.85,3509.97,LOW,Zone_A
232,9.28,-1,marine_debris,0.471,25.33,401.9,76.71,443.92,51.02,422.91,51.38,42.02,2159.05,LOW,Zone_A
233,9.32,-1,marine_debris,0.214,29.37,400.19,79.66,451.43,54.52,425.81,50.29,51.24,2576.89,LOW,Zone_A
234,9.36,-1,marine_debris,0.218,31.89,398.28,80.76,442.64,56.32,420.46,48.87,44.36,2167.65,LOW,Zone_A
235,9.4,-1,marine_debris,0.419,33.09,400.21,81.51,436.88,57.3,418.54,48.41,36.67,1775.28,LOW,Zone_A
236,9.44,-1,marine_debris,0.102,34.88,394.45,83.45,438.6,59.16,416.53,48.57,44.15,2144.46,LOW,Zone_A
241,9.64,-1,marine_debris,0.111,26.57,383.76,76.36,436.97,51.46,410.37,49.8,53.21,2649.63,LOW,Zone_A
243,9.72,-1,marine_debris,0.238,23.92,373.74,74.66,422.2,49.29,397.97,50.73,48.47,2458.91,LOW,Zone_A
244,9.76,-1,marine_debris,0.378,25.58,368.91,73.62,416.11,49.6,392.51,48.04,47.2,2267.52,LOW,Zone_A
246,9.84,-1,marine_debris,0.137,23.31,374.04,69.11,421.9,46.21,397.97,45.8,47.87,2192.23,LOW,Zone_A
247,9.88,-1,marine_debris,0.143,21.42,373.31,67.6,416.57,44.51,394.94,46.18,43.26,1997.64,LOW,Zone_A
248,9.92,-1,marine_debris,0.145,20.44,373.89,66.27,416.41,43.35,395.15,45.83,42.52,1948.86,LOW,Zone_A
258,10.32,-1,marine_debris,0.101,28.18,388.02,73.72,452.66,50.95,420.34,45.53,64.64,2943.2,LOW,Zone_A
263,10.52,-1,marine_debris,0.251,57.55,388.45,102.19,432.97,79.87,410.71,44.64,44.52,1987.28,LOW,Zone_A
265,10.6,-1,marine_debris,0.157,69.82,384.49,114.0,438.88,91.91,411.68,44.18,54.39,2403.04,LOW,Zone_A
266,10.64,-1,marine_debris,0.113,83.72,392.85,127.76,446.42,105.74,419.63,44.04,53.56,2358.7,LOW,Zone_A
267,10.68,-1,marine_debris,0.178,89.63,389.73,130.75,442.95,110.19,416.34,41.11,53.21,2187.8,LOW,Zone_A
275,11.0,-1,marine_debris,0.108,143.52,394.48,179.09,436.45,161.31,415.46,35.57,41.97,1493.0,LOW,Zone_A
277,11.08,-1,marine_debris,0.124,472.36,85.93,610.39,237.92,541.37,161.92,138.03,151.99,20979.09,LOW,Zone_B
294,11.76,-1,marine_debris,0.289,0.0,364.02,41.81,603.82,20.9,483.92,41.81,239.8,10025.8,LOW,Zone_A
295,11.8,-1,marine_debris,0.376,0.0,389.67,61.41,668.14,30.7,528.91,61.41,278.47,17100.22,LOW,Zone_A
296,11.84,-1,marine_debris,0.488,31.27,399.44,108.07,644.54,69.67,521.99,76.79,245.1,18821.83,LOW,Zone_A
297,11.88,-1,marine_debris,0.448,44.2,404.61,131.04,636.41,87.62,520.51,86.85,231.8,20131.51,LOW,Zone_A
298,11.92,-1,marine_debris,0.628,65.04,410.33,155.69,622.96,110.36,516.64,90.64,212.62,19273.01,LOW,Zone_A
299,11.96,-1,marine_debris,0.167,91.36,412.26,175.57,648.0,133.47,530.13,84.21,235.74,19851.3,LOW,Zone_A
301,12.04,-1,marine_debris,0.76,138.39,420.69,229.41,609.74,183.9,515.21,91.02,189.05,17206.65,LOW,Zone_A
301,12.04,-1,marine_debris,0.108,456.0,166.7,1249.41,720.0,852.71,443.35,793.42,553.3,438998.83,LOW,Zone_B
302,12.08,2,marine_debris,0.827,156.13,426.17,243.14,606.91,199.64,516.54,87.01,180.74,15727.06,LOW,Zone_A
303,12.12,2,marine_debris,0.77,171.14,430.47,255.06,604.58,213.1,517.52,83.92,174.11,14611.51,LOW,Zone_A
304,12.16,2,marine_debris,0.795,189.45,433.77,271.38,603.21,230.41,518.49,81.93,169.43,13881.1,LOW,Zone_A
305,12.2,2,marine_debris,0.695,203.57,433.96,284.15,599.54,243.86,516.75,80.58,165.58,13341.97,LOW,Zone_A
306,12.24,2,marine_debris,0.665,230.23,436.93,306.88,592.24,268.55,514.58,76.65,155.32,11904.68,LOW,Zone_A
307,12.28,2,marine_debris,0.577,246.41,439.33,320.94,587.96,283.68,513.65,74.53,148.63,11077.46,LOW,Zone_A
308,12.32,2,marine_debris,0.436,257.77,438.26,333.45,587.05,295.61,512.66,75.68,148.79,11261.04,LOW,Zone_A
309,12.36,2,marine_debris,0.395,268.07,443.65,342.28,586.48,305.17,515.07,74.21,142.82,10598.72,LOW,Zone_A
310,12.4,2,marine_debris,0.545,272.77,445.78,348.12,587.39,310.44,516.58,75.35,141.61,10670.41,LOW,Zone_A
311,12.44,2,marine_debris,0.42,291.23,448.75,367.1,588.61,329.16,518.68,75.87,139.86,10611.44,LOW,Zone_A
312,12.48,2,marine_debris,0.322,303.42,449.86,379.66,587.61,341.54,518.73,76.24,137.74,10501.03,LOW,Zone_A
313,12.52,-1,marine_debris,0.121,466.59,167.53,1269.02,718.38,867.81,442.95,802.44,550.85,442021.46,LOW,Zone_C
316,12.64,-1,marine_debris,0.306,463.93,110.26,1264.28,717.49,864.1,413.87,800.35,607.22,485990.58,LOW,Zone_C
323,12.92,-1,marine_debris,0.157,413.45,233.53,1260.69,720.0,837.07,476.76,847.23,486.47,412156.36,LOW,Zone_B
325,13.0,-1,marine_debris,0.127,397.11,224.73,1247.49,720.0,822.3,472.36,850.38,495.27,421170.08,LOW,Zone_B
326,13.04,-1,marine_debris,0.119,416.72,178.38,1245.86,720.0,831.29,449.19,829.13,541.62,449073.93,LOW,Zone_B
341,13.64,-1,marine_debris,0.121,1198.89,24.27,1254.08,81.31,1226.49,52.79,55.19,57.04,3148.15,LOW,Zone_C
366,14.64,-1,marine_debris,0.11,1200.98,25.07,1254.09,80.44,1227.53,52.76,53.1,55.37,2940.19,LOW,Zone_C
371,14.84,-1,marine_debris,0.183,1199.15,24.58,1253.86,78.55,1226.5,51.56,54.71,53.97,2952.92,LOW,Zone_C
372,14.88,-1,marine_debris,0.112,1198.71,23.89,1254.78,79.89,1226.74,51.89,56.07,56.0,3140.38,LOW,Zone_C
388,15.52,-1,marine_debris,0.169,1191.72,347.91,1261.38,401.94,1226.55,374.93,69.66,54.03,3763.6,LOW,Zone_C
389,15.56,-1,marine_debris,0.154,1192.9,338.7,1256.25,397.6,1224.57,368.15,63.34,58.91,3731.54,LOW,Zone_C
421,16.84,-1,marine_debris,0.205,159.47,501.66,223.06,553.68,191.26,527.67,63.59,52.02,3307.67,LOW,Zone_A
422,16.88,-1,marine_debris,0.219,187.53,478.27,243.75,520.89,215.64,499.58,56.22,42.62,2396.06,LOW,Zone_A
422,16.88,-1,marine_debris,0.191,356.51,554.93,446.2,670.86,401.35,612.89,89.69,115.93,10397.81,LOW,Zone_A
424,16.96,-1,marine_debris,0.287,219.77,446.93,272.2,490.26,245.99,468.59,52.43,43.33,2271.71,LOW,Zone_A
425,17.0,-1,marine_debris,0.119,234.46,431.94,287.68,475.86,261.07,453.9,53.22,43.93,2338.08,LOW,Zone_A
426,17.04,-1,marine_debris,0.163,241.41,421.7,300.87,462.55,271.14,442.12,59.46,40.86,2429.39,LOW,Zone_A
430,17.2,-1,marine_debris,0.273,162.8,691.92,194.97,716.37,178.89,704.15,32.17,24.45,786.55,LOW,Zone_A
439,17.56,-1,marine_debris,0.184,0.68,298.79,416.62,716.55,208.65,507.67,415.94,417.75,173760.25,LOW,Zone_A
440,17.6,-1,marine_debris,0.397,0.0,328.09,426.44,719.37,213.22,523.73,426.44,391.28,166857.89,LOW,Zone_A
442,17.68,-1,marine_debris,0.301,626.58,144.33,1079.48,558.02,853.03,351.17,452.9,413.68,187359.03,LOW,Zone_B
442,17.68,-1,marine_debris,0.151,1.13,287.03,481.19,718.02,241.16,502.53,480.07,430.99,206903.22,LOW,Zone_A
442,17.68,-1,marine_debris,0.137,629.91,136.33,1275.08,558.08,952.5,347.21,645.17,421.75,272098.23,LOW,Zone_C
443,17.72,-1,marine_debris,0.263,633.63,138.4,1279.96,552.15,956.79,345.27,646.33,413.76,267422.18,LOW,Zone_C
447,17.88,-1,marine_debris,0.264,0.98,272.98,148.22,442.02,74.6,357.5,147.25,169.04,24890.08,LOW,Zone_A
448,17.92,-1,marine_debris,0.5,0.0,293.41,126.34,470.54,63.17,381.98,126.34,177.13,22377.96,LOW,Zone_A
449,17.96,-1,marine_debris,0.587,0.0,333.6,102.31,509.63,51.15,421.61,102.31,176.03,18009.06,LOW,Zone_A
450,18.0,-1,marine_debris,0.61,0.74,367.27,76.6,527.05,38.67,447.16,75.85,159.78,12120.07,LOW,Zone_A
451,18.04,-1,marine_debris,0.237,0.08,369.99,64.68,519.24,32.38,444.62,64.6,149.25,9641.5,LOW,Zone_A
489,19.56,-1,marine_debris,0.274,60.71,258.24,162.52,313.83,111.61,286.03,101.81,55.59,5659.32,LOW,Zone_A
490,19.6,-1,marine_debris,0.176,66.63,242.59,166.11,304.05,116.37,273.32,99.49,61.45,6113.83,LOW,Zone_A
491,19.64,-1,marine_debris,0.169,70.55,248.54,169.23,299.88,119.89,274.21,98.68,51.34,5066.32,LOW,Zone_A
496,19.84,-1,marine_debris,0.147,92.7,247.01,190.78,291.93,141.74,269.47,98.07,44.92,4405.59,LOW,Zone_A
497,19.88,-1,marine_debris,0.271,98.4,248.44,196.01,297.73,147.2,273.08,97.62,49.29,4811.04,LOW,Zone_A
498,19.92,-1,marine_debris,0.118,104.13,244.7,200.04,297.38,152.08,271.04,95.91,52.67,5051.64,LOW,Zone_A
499,19.96,-1,marine_debris,0.328,108.35,243.35,208.18,295.16,158.26,269.26,99.83,51.81,5172.29,LOW,Zone_A
501,20.04,-1,marine_debris,0.23,126.18,243.02,221.11,286.04,173.64,264.53,94.94,43.02,4084.4,LOW,Zone_A
502,20.08,-1,marine_debris,0.284,135.16,248.32,227.2,295.74,181.18,272.03,92.04,47.43,4365.12,LOW,Zone_A
503,20.12,-1,marine_debris,0.117,136.56,252.32,229.07,297.64,182.81,274.98,92.52,45.32,4192.49,LOW,Zone_A
504,20.16,-1,marine_debris,0.537,143.1,245.29,239.31,294.7,191.2,270.0,96.21,49.41,4753.26,LOW,Zone_A
506,20.24,-1,marine_debris,0.181,166.29,235.13,255.18,280.14,210.73,257.64,88.89,45.01,4000.77,LOW,Zone_A
506,20.24,-1,marine_debris,0.125,164.91,210.08,255.91,280.17,210.41,245.12,91.01,70.09,6379.14,LOW,Zone_A
506,20.24,-1,marine_debris,0.114,634.48,95.53,1277.77,717.08,956.12,406.3,643.29,621.55,399836.43,LOW,Zone_C
507,20.28,-1,marine_debris,0.164,175.59,231.89,264.84,281.43,220.22,256.66,89.25,49.53,4420.5,LOW,Zone_A
508,20.32,-1,marine_debris,0.13,178.33,236.79,270.16,282.59,224.24,259.69,91.83,45.8,4205.85,LOW,Zone_A
508,20.32,-1,marine_debris,0.118,635.45,91.87,1278.86,715.22,957.16,403.55,643.41,623.35,401067.38,LOW,Zone_C
509,20.36,-1,marine_debris,0.131,182.92,241.76,270.34,281.86,226.63,261.81,87.42,40.1,3505.16,LOW,Zone_A
509,20.36,-1,marine_debris,0.101,636.58,90.64,1278.72,710.52,957.65,400.58,642.14,619.88,398047.42,LOW,Zone_C
510,20.4,-1,marine_debris,0.11,634.53,91.31,1275.57,709.02,955.05,400.17,641.03,617.71,395974.44,LOW,Zone_C
511,20.44,-1,marine_debris,0.118,635.29,93.63,1267.49,708.72,951.39,401.18,632.2,615.09,388859.65,LOW,Zone_C
512,20.48,-1,marine_debris,0.16,186.69,244.51,275.09,287.27,230.89,265.89,88.4,42.77,3780.76,LOW,Zone_A
512,20.48,-1,marine_debris,0.159,636.06,96.34,1276.74,703.55,956.4,399.94,640.68,607.21,389022.35,LOW,Zone_C
